{"cameraMode":{"drawMode":0,"name":"Shaded","section":"Shading Mode"},"sceneLighting":true,"audioPlay":false,"sceneViewState":{"m_AlwaysRefresh":false,"showFog":true,"showSkybox":true,"showFlares":true,"showImageEffects":true,"showParticleSystems":true,"showVisualEffectGraphs":true,"m_FxEnabled":true},"in2DMode":false,"pivot":{"x":357.6431884765625,"y":488.5218200683594,"z":-0.000023193359083961695},"rotation":{"x":-0.1303974837064743,"y":0.02438442036509514,"z":-0.0032080740202218296,"w":-0.9911563992500305},"size":145.8028106689453,"orthographic":false}