{"cameraMode":{"drawMode":0,"name":"Shaded","section":"Shading Mode"},"sceneLighting":true,"audioPlay":false,"sceneViewState":{"m_AlwaysRefresh":false,"showFog":true,"showSkybox":true,"showFlares":true,"showImageEffects":true,"showParticleSystems":true,"showVisualEffectGraphs":true,"m_FxEnabled":true},"in2DMode":false,"pivot":{"x":43.2564811706543,"y":36.83113479614258,"z":151.04412841796876},"rotation":{"x":0.07140693813562393,"y":0.23269936442375184,"z":-0.017134277150034906,"w":0.9697729349136353},"size":790.5401000976563,"orthographic":true}